id;suite;titel;auto_score;frage;antwort;schluessel;bewertung_1-5;notiz
nis2-01;nis2;Betroffenheit Maschinenbau;0.0;Ein Maschinenbauer in Baden-Württemberg hat 120 Mitarbeiter und 30 Mio. Euro Jahresumsatz. Ist er nach dem neuen BSI-Gesetz (NIS2-Umsetzung) betroffen? Wenn ja, als was? Kurz begründen.;;Ja, mittleres Unternehmen, Sektor Maschinenbau (NIS2 Anh. II / BSIG §28) -> 'wichtige Einrichtung' [pruefen Anhang].;;
nis2-02;nis2;Meldefristen rechnen;0.0;Eine wichtige Einrichtung erfährt am Montag, 05.10.2026 um 08:15 Uhr von einem erheblichen Sicherheitsvorfall. Nenne die Meldefristen nach BSIG mit konkretem Datum und Uhrzeit.;;"§32 BSIG [verifiziert]: Erstmeldung/Fruehwarnung 24h -> Di 06.10.2026 08:15; Meldung 72h -> Do 08.10.2026 08:15; Abschluss 1 Monat.";;
nis2-03;nis2;Registrierungsfrist;0.0;Bis wann muss sich eine Einrichtung nach dem BSIG beim BSI registrieren, nachdem sie festgestellt hat, dass sie unter das Gesetz fällt?;;§33 BSIG [verifiziert]: innerhalb von 3 Monaten.;;
nis2-04;nis2;Lieferkette;0.5;Muss ein mittelständischer IT-Betrieb im Rahmen von NIS2 auch seine Lieferanten betrachten? Mit Normverweis.;"

Ja. Nach **Art. 21 Abs. 1 lit. d) der Richtlinie (EU) 2022/2555 (NIS2)** müssen Betreiber angemessene und verhältnismäßige Maßnahmen zur Gewährleistung der Sicherheit ihrer Lieferkette ergreifen – ausdrücklich einschließlich der Sicherheit von **Lieferanten und anderen Drittanbietern**, deren Dienstleistungen für die Erbringung des eigenen Dienstes unerlässlich sind. In Deutschland ist dies in **§ 28 BSIG** (umgesetzt durch das NIS2UmsuCG) konkretisiert.

Voraussetzung ist natürlich, dass Ihr Betrieb überhaupt als „wichtige“ oder „besonders wichtige Einrichtung“ eingestuft ist – etwa als Digitalinfrastruktur-Dienstleister nach Anhang I NIS2. Falls ja, sollten Sie kritische Lieferanten identifizieren und deren Sicherheitspraktiken in Ihr Risikomanagement einbeziehen.";"Ja; §30 Abs.2 Nr.4 BSIG [verifiziert] / Art.21(2)(d) NIS2 [pruefen]: Sicherheit der Lieferkette.";;
nis2-05;nis2;Geschäftsleitung;0.0;Was sind die persönlichen Pflichten der Geschäftsleitung nach BSIG? Nenne die Paragrafen.;;§38 BSIG [verifiziert]: Umsetzung/Ueberwachung der Risikomassnahmen, Schulungspflicht (Abs.3).;;
