runde,ordner,suite,laeufe,auto_score_mittel,fehler,ttft_med_s,tok_s_med
runde1,abst_low,abstain,50,0.82,0,0.41,134.75
runde1,abst_low_sys,abstain,50,0.66,0,0.42,135.15
runde1,abst_low_sys2,abstain,50,0.8,0,0.41,136.75
runde1,abst_none2,abstain,50,0.48,0,0.42,141.45
runde1,abst_none_sys,abstain,50,0.66,0,0.42,146.4
runde1,run_low,abstain,10,0.9,0,0.43,150.05
runde1,run_low,alltag,10,manuell,0,0.42,146.25
runde1,run_low,itdl,10,1.0,0,0.43,144.2
runde1,run_low,kanzlei,16,0.73,0,0.42,146.8
runde1,run_low,nis2,18,0.54,0,0.42,145.4
runde1,run_low,security,6,1.0,0,0.42,155.85
runde1,run_low,souveraenitaet,8,1.0,0,0.42,150.45
runde1,run_none,abstain,10,0.5,0,0.42,149.65
runde1,run_none,alltag,10,manuell,0,0.41,162.15
runde1,run_none,itdl,10,0.94,0,0.43,152.1
runde1,run_none,kanzlei,16,0.64,0,0.42,149.9
runde1,run_none,nis2,18,0.48,0,0.42,148.2
runde1,run_none,security,6,1.0,0,0.41,161.9
runde1,run_none,souveraenitaet,8,1.0,0,0.41,155.3
runde1,verworfen_abst_none,abstain,50,0.0,50,None,None
runde1,verworfen_probe,nis2,5,0.1,0,0.44,175.9
runde1,verworfen_probe_low,nis2,5,0.4,0,0.41,174.6
runde2,inject_low,inject,40,0.99,0,0.41,133.05
runde2,nis2_t03,kanzlei,80,0.79,0,0.41,130.8
runde2,nis2_t03,nis2,90,0.55,0,0.41,133.0
runde2,nis2_t10,kanzlei,80,0.67,0,0.41,130.85
runde2,nis2_t10,nis2,90,0.5,0,0.41,132.55
runde2,praxis_low,praxis,30,0.93,0,0.41,131.15
runde2,rag_low,rag,100,1.0,0,0.41,131.45
runde3,n_beleg,beleg,100,1.0,0,0.41,132.35
runde3,n_erst_t03,erstcheck,200,0.76,0,0.41,129.6
runde3,n_erst_t10,erstcheck,200,0.73,0,0.41,130.3
runde3,n_longctx,longctx,15,1.0,0,1.01,131.2
runde3,n_luecken,luecken,40,1.0,0,0.42,130.7
runde3,n_tri_t03,triage,190,0.81,0,0.42,131.3
runde3,n_tri_t10,triage,190,0.84,0,0.41,131.5
